{
  "run_id": "ea525008-09b3-479d-872f-cc1042f6128d",
  "video_info": {
    "filename": "1670d182-c3a3-476a-9ebe-11850c13c2b7_room.mp4",
    "path": "C:\\Users\\Lenovo\\Desktop\\colorful-room - Copy\\backend\\media\\temp_videos\\1670d182-c3a3-476a-9ebe-11850c13c2b7_room.mp4",
    "room_type": "Bedroom",
    "width": 320,
    "height": 568,
    "fps": 29.980404964075767,
    "duration": 5.1033333333333335,
    "is_panoramic": false
  },
  "camera_params": {
    "fx": 277.1281292110204,
    "fy": 277.1281292110204,
    "cx": 160.0,
    "cy": 284.0,
    "width": 320,
    "height": 568,
    "fov": 60,
    "is_panoramic": false
  },
  "room_dimensions": {
    "width_m": 4.3113789558410645,
    "depth_m": 3.3164455890655518,
    "height_m": 2.5
  },
  "detected_objects": 12,
  "user_selected_furniture": [
    "desk",
    "tv",
    "dustbin"
  ],
  "initial_violations": 7,
  "optimized_violations": 0,
  "initial_compliance_pct": 41.7,
  "final_compliance_pct": 100.0,
  "improvement_pct": 100.0,
  "recommendations": [
    {
      "object": "desk",
      "is_essential": true,
      "current_zone": "East",
      "recommended_zone": "East",
      "current_position_3d": [
        0.4696842432022095,
        -0.031312283128499985,
        1.0846893787384033
      ],
      "recommended_position_3d": [
        0.401248037815094,
        -0.1442960798740387,
        1.0918970108032227
      ],
      "movement_distance_m": 0.13229059866372392,
      "action_needed": false,
      "vastu_rationale": "East faces the rising Sun \u2014 ideal for study and work desks.",
      "vastu_score": 83.2,
      "vastu_score_label": "Good",
      "score_breakdown": {
        "zone_compliance": 50,
        "detection_confidence": 15.0,
        "movement_stability": 18.2
      }
    },
    {
      "object": "dustbin",
      "is_essential": true,
      "current_zone": "South",
      "recommended_zone": "South",
      "current_position_3d": [
        -0.019478632137179375,
        0.5976043939590454,
        1.0796153545379639
      ],
      "recommended_position_3d": [
        -0.07318012416362762,
        0.7482284307479858,
        1.0719740390777588
      ],
      "movement_distance_m": 0.16009322411153176,
      "action_needed": false,
      "vastu_rationale": "Same as trash can.",
      "vastu_score": 82.9,
      "vastu_score_label": "Good",
      "score_breakdown": {
        "zone_compliance": 50,
        "detection_confidence": 15.0,
        "movement_stability": 17.9
      }
    },
    {
      "object": "tv",
      "is_essential": true,
      "current_zone": "Center",
      "recommended_zone": "East",
      "current_position_3d": [
        -0.1836780607700348,
        -0.1377585381269455,
        1.1065729856491089
      ],
      "recommended_position_3d": [
        0.29685738682746887,
        0.2431967407464981,
        1.0885933637619019
      ],
      "movement_distance_m": 0.6134855399294129,
      "action_needed": true,
      "vastu_rationale": "TV faces East so viewers face West (auspicious).",
      "vastu_score": 70.7,
      "vastu_score_label": "Good",
      "score_breakdown": {
        "zone_compliance": 50,
        "detection_confidence": 8.9,
        "movement_stability": 11.8
      }
    },
    {
      "object": "bed",
      "is_essential": false,
      "current_zone": "South",
      "recommended_zone": "South",
      "current_position_3d": [
        0.022423595190048218,
        0.577163815498352,
        1.080731987953186
      ],
      "recommended_position_3d": [
        0.02596980519592762,
        0.4154722988605499,
        1.0841975212097168
      ],
      "movement_distance_m": 0.16176752479651335,
      "action_needed": false,
      "vastu_rationale": "South-West (Nairutya) is the stabilising Earth corner. Sleeping with head toward South/West aligns with Earth magnetism for deep, restorative sleep. Avoid North.",
      "vastu_score": 81.7,
      "vastu_score_label": "Good",
      "score_breakdown": {
        "zone_compliance": 50,
        "detection_confidence": 13.9,
        "movement_stability": 17.8
      }
    },
    {
      "object": "couch",
      "is_essential": false,
      "current_zone": "East",
      "recommended_zone": "East",
      "current_position_3d": [
        0.544672966003418,
        0.037092424929142,
        1.082037329673767
      ],
      "recommended_position_3d": [
        0.5725241303443909,
        -0.00522635318338871,
        1.0832834243774414
      ],
      "movement_distance_m": 0.05067661283171966,
      "action_needed": false,
      "vastu_rationale": "Same as sofa. Couches should remain in the energetically active Northern arc.",
      "vastu_score": 74.8,
      "vastu_score_label": "Good",
      "score_breakdown": {
        "zone_compliance": 50,
        "detection_confidence": 5.5,
        "movement_stability": 19.3
      }
    },
    {
      "object": "suitcase",
      "is_essential": false,
      "current_zone": "Center",
      "recommended_zone": "West",
      "current_position_3d": [
        -0.09745730459690094,
        -0.07863932847976685,
        1.0978927612304688
      ],
      "recommended_position_3d": [
        -0.30789920687675476,
        -0.1337883472442627,
        1.1194992065429688
      ],
      "movement_distance_m": 0.2186184964381841,
      "action_needed": true,
      "vastu_rationale": "Luggage in North-West activates travel energy.",
      "vastu_score": 73.9,
      "vastu_score_label": "Good",
      "score_breakdown": {
        "zone_compliance": 50,
        "detection_confidence": 6.8,
        "movement_stability": 17.1
      }
    },
    {
      "object": "book",
      "is_essential": false,
      "current_zone": "South",
      "recommended_zone": "North",
      "current_position_3d": [
        0.020395411178469658,
        0.848449170589447,
        1.0709322690963745
      ],
      "recommended_position_3d": [
        0.0914432555437088,
        -1.1227514743804932,
        1.0955846309661865
      ],
      "movement_distance_m": 1.9726346640634236,
      "action_needed": true,
      "vastu_rationale": "Books represent knowledge \u2014 North-East/East.",
      "vastu_score": 56.6,
      "vastu_score_label": "Fair",
      "score_breakdown": {
        "zone_compliance": 50,
        "detection_confidence": 6.6,
        "movement_stability": 0.0
      }
    },
    {
      "object": "chair",
      "is_essential": false,
      "current_zone": "East",
      "recommended_zone": "North",
      "current_position_3d": [
        0.3619339168071747,
        0.03461116924881935,
        1.0961976051330566
      ],
      "recommended_position_3d": [
        -0.20140153169631958,
        -0.8060603737831116,
        1.103845238685608
      ],
      "movement_distance_m": 1.011995038082339,
      "action_needed": true,
      "vastu_rationale": "Work chairs face East or North. West is acceptable for reading.",
      "vastu_score": 66.0,
      "vastu_score_label": "Good",
      "score_breakdown": {
        "zone_compliance": 50,
        "detection_confidence": 9.5,
        "movement_stability": 6.5
      }
    },
    {
      "object": "laptop",
      "is_essential": false,
      "current_zone": "South",
      "recommended_zone": "East",
      "current_position_3d": [
        0.09853186458349228,
        0.43107688426971436,
        1.0835695266723633
      ],
      "recommended_position_3d": [
        0.5464657545089722,
        -0.38245537877082825,
        1.1034646034240723
      ],
      "movement_distance_m": 0.9289108282448831,
      "action_needed": true,
      "vastu_rationale": "Portable work device \u2014 follows desk rules.",
      "vastu_score": 69.3,
      "vastu_score_label": "Good",
      "score_breakdown": {
        "zone_compliance": 50,
        "detection_confidence": 11.7,
        "movement_stability": 7.6
      }
    },
    {
      "object": "backpack",
      "is_essential": false,
      "current_zone": "South",
      "recommended_zone": "West",