{
  "run_id": "a672d51d-96bd-463e-8111-ac2c5b42635b",
  "video_info": {
    "filename": "3d4b83a1-c794-4d03-a200-01bfb5710156_room.mp4",
    "path": "media/temp_videos/3d4b83a1-c794-4d03-a200-01bfb5710156_room.mp4",
    "room_type": "Bedroom",
    "width": 320,
    "height": 568,
    "fps": 29.980404964075767,
    "duration": 5.1033333333333335,
    "is_panoramic": false
  },
  "camera_params": {
    "fx": 277.1281292110204,
    "fy": 277.1281292110204,
    "cx": 160.0,
    "cy": 284.0,
    "width": 320,
    "height": 568,
    "fov": 60,
    "is_panoramic": false
  },
  "room_dimensions": {
    "width_m": 4.35560417175293,
    "depth_m": 3.3504648208618164,
    "height_m": 2.5
  },
  "detected_objects": 4,
  "user_selected_furniture": {
    "beds": 1,
    "tables": 1
  },
  "initial_violations": 1,
  "optimized_violations": 0,
  "initial_compliance_pct": 75.0,
  "final_compliance_pct": 100.0,
  "improvement_pct": 100.0,
  "recommendations": [
    {
      "object": "beds",
      "is_essential": true,
      "current_zone": "South-West",
      "recommended_zone": "South-West",
      "current_position_3d": [
        -0.42495837807655334,
        0.5166160464286804,
        1.1545875072479248
      ],
      "recommended_position_3d": [
        -0.35402539372444153,
        0.8621145486831665,
        1.1467264890670776
      ],
      "movement_distance_m": 0.35279243038368846,
      "action_needed": false,
      "vastu_rationale": "General Vastu guidance.",
      "vastu_score": 80.3,
      "vastu_score_label": "Good",
      "score_breakdown": {
        "zone_compliance": 50,
        "detection_confidence": 15.0,
        "movement_stability": 15.3
      }
    },
    {
      "object": "tables",
      "is_essential": true,
      "current_zone": "South-West",
      "recommended_zone": "South-West",
      "current_position_3d": [
        -0.4286000430583954,
        0.5867243409156799,
        1.1531760692596436
      ],
      "recommended_position_3d": [
        -0.5229129195213318,
        0.6714761257171631,
        1.1515862941741943
      ],
      "movement_distance_m": 0.1268081664506365,
      "action_needed": false,
      "vastu_rationale": "General Vastu guidance.",
      "vastu_score": 83.3,
      "vastu_score_label": "Good",
      "score_breakdown": {
        "zone_compliance": 50,
        "detection_confidence": 15.0,
        "movement_stability": 18.3
      }
    },
    {
      "object": "bed",
      "is_essential": false,
      "current_zone": "South",
      "recommended_zone": "South",
      "current_position_3d": [
        -0.012506872415542603,
        0.6453546285629272,
        1.1553354263305664
      ],
      "recommended_position_3d": [
        -0.013824662193655968,
        0.667017936706543,
        1.1546679735183716
      ],
      "movement_distance_m": 0.02171361284726828,
      "action_needed": false,
      "vastu_rationale": "South-West (Nairutya) is the stabilising Earth corner. Sleeping with head toward South/West aligns with Earth magnetism for deep, restorative sleep. Avoid North - magnetic pull causes restlessness.",
      "vastu_score": 83.7,
      "vastu_score_label": "Good",
      "score_breakdown": {
        "zone_compliance": 50,
        "detection_confidence": 14.0,
        "movement_stability": 19.7
      }
    },
    {
      "object": "laptop",
      "is_essential": false,
      "current_zone": "South",
      "recommended_zone": "East",
      "current_position_3d": [
        -0.030346356332302094,
        0.8510773777961731,
        1.1467949151992798
      ],
      "recommended_position_3d": [
        0.23977704346179962,
        0.31574419140815735,
        1.1557008028030396
      ],
      "movement_distance_m": 0.599689575029182,
      "action_needed": true,
      "vastu_rationale": "Portable work device - follows desk rules. East for focus, North for professional success, North-East for creative output.",
      "vastu_score": 74.4,
      "vastu_score_label": "Good",
      "score_breakdown": {
        "zone_compliance": 50,
        "detection_confidence": 12.4,
        "movement_stability": 12.0
      }
    }
  ],
  "ga_stats": {
    "generations": 100,
    "population_size": 50,
    "initial_fitness": 0.5552708005214897,
    "final_fitness": 0.13920698306984483,
    "improvement": 0.4160638174516449
  },
  "public_urls": {
    "html_report": "/media/vastu_results/a672d51d-96bd-463e-8111-ac2c5b42635b/data/vastu_report.html",
    "current_3d_glb": "/media/vastu_results/a672d51d-96bd-463e-8111-ac2c5b42635b/3d_models/current_layout.glb",
    "optimized_3d_glb": "/media/vastu_results/a672d51d-96bd-463e-8111-ac2c5b42635b/3d_models/optimised_layout.glb",
    "compliance_radar": "/media/vastu_results/a672d51d-96bd-463e-8111-ac2c5b42635b/visualizations/04_compliance_radar.png",
    "layout_comparison": "/media/vastu_results/a672d51d-96bd-463e-8111-ac2c5b42635b/visualizations/06_layout_comparison_2d.png"
  }
}