{
  "run_id": "11ceb96a-0fcf-4379-819e-6793f8225ecb",
  "video_info": {
    "filename": "3fb55ad5-2532-4fd9-b0c8-9b685a0387a0_room.mp4",
    "path": "C:\\Users\\Lenovo\\Desktop\\colorful-room - Copy\\backend\\media\\temp_videos\\3fb55ad5-2532-4fd9-b0c8-9b685a0387a0_room.mp4",
    "room_type": "Bedroom",
    "width": 320,
    "height": 568,
    "fps": 29.980404964075767,
    "duration": 5.1033333333333335,
    "is_panoramic": false
  },
  "camera_params": {
    "fx": 277.1281292110204,
    "fy": 277.1281292110204,
    "cx": 160.0,
    "cy": 284.0,
    "width": 320,
    "height": 568,
    "fov": 60,
    "is_panoramic": false
  },
  "room_dimensions": {
    "width_m": 4.3113789558410645,
    "depth_m": 3.3164455890655518,
    "height_m": 2.5
  },
  "detected_objects": 12,
  "user_selected_furniture": [
    "desk",
    "dustbin"
  ],
  "initial_violations": 7,
  "optimized_violations": 0,
  "initial_compliance_pct": 41.7,
  "final_compliance_pct": 100.0,
  "improvement_pct": 100.0,
  "recommendations": [
    {
      "object": "desk",
      "is_essential": true,
      "current_zone": "East",
      "recommended_zone": "East",
      "current_position_3d": [
        0.41882801055908203,
        0.06654276698827744,
        1.0847573280334473
      ],
      "recommended_position_3d": [
        0.518225371837616,
        -0.03939302638173103,
        1.0845128297805786
      ],
      "movement_distance_m": 0.14526626423731073,
      "action_needed": false,
      "vastu_rationale": "East faces the rising Sun \u2014 ideal for study and work desks.",
      "vastu_score": 83.1,
      "vastu_score_label": "Good",
      "score_breakdown": {
        "zone_compliance": 50,
        "detection_confidence": 15.0,
        "movement_stability": 18.1
      }
    },
    {
      "object": "dustbin",
      "is_essential": true,
      "current_zone": "South",
      "recommended_zone": "South",
      "current_position_3d": [
        0.06974051892757416,
        0.7067039012908936,
        1.0737255811691284
      ],
      "recommended_position_3d": [
        0.07717688381671906,
        0.746610701084137,
        1.072487235069275
      ],
      "movement_distance_m": 0.04061262972974714,
      "action_needed": false,
      "vastu_rationale": "Same as trash can.",
      "vastu_score": 84.5,
      "vastu_score_label": "Good",
      "score_breakdown": {
        "zone_compliance": 50,
        "detection_confidence": 15.0,
        "movement_stability": 19.5
      }
    },
    {
      "object": "chair",
      "is_essential": false,
      "current_zone": "East",
      "recommended_zone": "East",
      "current_position_3d": [
        0.3619339168071747,
        0.03461116924881935,
        1.0961976051330566
      ],
      "recommended_position_3d": [
        0.3371870517730713,
        0.07138270139694214,
        1.097115397453308
      ],
      "movement_distance_m": 0.04433277848589765,
      "action_needed": false,
      "vastu_rationale": "Work chairs face East or North. West is acceptable for reading.",
      "vastu_score": 78.9,
      "vastu_score_label": "Good",
      "score_breakdown": {
        "zone_compliance": 50,
        "detection_confidence": 9.5,
        "movement_stability": 19.4
      }
    },
    {
      "object": "bed",
      "is_essential": false,
      "current_zone": "South",
      "recommended_zone": "South-West",
      "current_position_3d": [
        0.022423595190048218,
        0.577163815498352,
        1.080731987953186
      ],
      "recommended_position_3d": [
        -0.21708974242210388,
        0.5136617422103882,
        1.0771397352218628
      ],
      "movement_distance_m": 0.2478145606813054,
      "action_needed": true,
      "vastu_rationale": "South-West (Nairutya) is the stabilising Earth corner. Sleeping with head toward South/West aligns with Earth magnetism for deep, restorative sleep. Avoid North.",
      "vastu_score": 80.6,
      "vastu_score_label": "Good",
      "score_breakdown": {
        "zone_compliance": 50,
        "detection_confidence": 13.9,
        "movement_stability": 16.7
      }
    },
    {
      "object": "tv",
      "is_essential": false,
      "current_zone": "Center",
      "recommended_zone": "East",
      "current_position_3d": [
        -0.1836780607700348,
        -0.1377585381269455,
        1.1065729856491089
      ],
      "recommended_position_3d": [
        0.6202147006988525,
        0.28540611267089844,
        1.074243426322937
      ],
      "movement_distance_m": 0.9090418549402217,
      "action_needed": true,
      "vastu_rationale": "TV faces East so viewers face West (auspicious).",
      "vastu_score": 66.8,
      "vastu_score_label": "Good",
      "score_breakdown": {
        "zone_compliance": 50,
        "detection_confidence": 8.9,
        "movement_stability": 7.9
      }
    },
    {
      "object": "suitcase",
      "is_essential": false,
      "current_zone": "Center",
      "recommended_zone": "West",
      "current_position_3d": [
        -0.09745730459690094,
        -0.07863932847976685,
        1.0978927612304688
      ],
      "recommended_position_3d": [
        -0.38660869002342224,
        -0.2654804289340973,
        1.1208266019821167
      ],
      "movement_distance_m": 0.3450276533333,
      "action_needed": true,
      "vastu_rationale": "Luggage in North-West activates travel energy.",
      "vastu_score": 72.2,
      "vastu_score_label": "Good",
      "score_breakdown": {
        "zone_compliance": 50,
        "detection_confidence": 6.8,
        "movement_stability": 15.4
      }
    },
    {
      "object": "book",
      "is_essential": false,
      "current_zone": "South",
      "recommended_zone": "North",
      "current_position_3d": [
        0.020395411178469658,
        0.848449170589447,
        1.0709322690963745
      ],
      "recommended_position_3d": [
        -0.17035576701164246,
        -0.8494443297386169,
        1.1048052310943604
      ],
      "movement_distance_m": 1.70891068461512,
      "action_needed": true,
      "vastu_rationale": "Books represent knowledge \u2014 North-East/East.",
      "vastu_score": 56.6,
      "vastu_score_label": "Fair",
      "score_breakdown": {
        "zone_compliance": 50,
        "detection_confidence": 6.6,
        "movement_stability": 0.0
      }
    },
    {
      "object": "couch",
      "is_essential": false,
      "current_zone": "East",
      "recommended_zone": "West",
      "current_position_3d": [
        0.544672966003418,
        0.037092424929142,
        1.082037329673767
      ],
      "recommended_position_3d": [
        -0.25987908244132996,
        0.11398603767156601,
        1.094447374343872
      ],
      "movement_distance_m": 0.8083134512959288,
      "action_needed": true,
      "vastu_rationale": "Same as sofa. Couches should remain in the energetically active Northern arc.",
      "vastu_score": 64.7,
      "vastu_score_label": "Fair",
      "score_breakdown": {
        "zone_compliance": 50,
        "detection_confidence": 5.5,
        "movement_stability": 9.2
      }
    },
    {
      "object": "laptop",
      "is_essential": false,
      "current_zone": "South",
      "recommended_zone": "East",
      "current_position_3d": [
        0.09853186458349228,
        0.43107688426971436,
        1.0835695266723633
      ],
      "recommended_position_3d": [
        0.21448390185832977,
        -0.34374070167541504,
        1.1047890186309814
      ],
      "movement_distance_m": 0.7837330114758502,
      "action_needed": true,
      "vastu_rationale": "Portable work device \u2014 follows desk rules.",
      "vastu_score": 71.3,
      "vastu_score_label": "Good",
      "score_breakdown": {
        "zone_compliance": 50,
        "detection_confidence": 11.7,
        "movement_stability": 9.6
      }
    },
    {
      "object": "backpack",
      "is_essential": false,
      "current_zone": "South",
      "recommended_zone": "West",