{
  "run_id": "45c0c19b-3b23-471a-bc07-dd6f81e51b92",
  "video_info": {
    "filename": "df01e718-bbc1-4585-8759-5d793f127ec2_room.mp4",
    "path": "C:\\Users\\Lenovo\\Desktop\\colorful-room - Copy\\backend\\media\\temp_videos\\df01e718-bbc1-4585-8759-5d793f127ec2_room.mp4",
    "room_type": "Bedroom",
    "width": 320,
    "height": 568,
    "fps": 29.980404964075767,
    "duration": 5.1033333333333335,
    "is_panoramic": false
  },
  "camera_params": {
    "fx": 277.1281292110204,
    "fy": 277.1281292110204,
    "cx": 160.0,
    "cy": 284.0,
    "width": 320,
    "height": 568,
    "fov": 60,
    "is_panoramic": false
  },
  "room_dimensions": {
    "width_m": 4.3113789558410645,
    "depth_m": 3.3164455890655518,
    "height_m": 2.5
  },
  "detected_objects": 12,
  "user_selected_furniture": [
    "desk",
    "dustbin"
  ],
  "initial_violations": 7,
  "optimized_violations": 0,
  "initial_compliance_pct": 41.7,
  "final_compliance_pct": 100.0,
  "improvement_pct": 100.0,
  "recommendations": [
    {
      "object": "desk",
      "is_essential": true,
      "current_zone": "East",
      "recommended_zone": "East",
      "current_position_3d": [
        0.3858025074005127,
        -0.031494081020355225,
        1.0909870862960815
      ],
      "recommended_position_3d": [
        0.40093621611595154,
        -0.3732077181339264,
        1.0973466634750366
      ],
      "movement_distance_m": 0.34210770694441284,
      "action_needed": false,
      "vastu_rationale": "East faces the rising Sun \u2014 ideal for study and work desks.",
      "vastu_score": 80.4,
      "vastu_score_label": "Good",
      "score_breakdown": {
        "zone_compliance": 50,
        "detection_confidence": 15.0,
        "movement_stability": 15.4
      }
    },
    {
      "object": "dustbin",
      "is_essential": true,
      "current_zone": "South",
      "recommended_zone": "South",
      "current_position_3d": [
        0.042811304330825806,
        0.6359424591064453,
        1.078565239906311
      ],
      "recommended_position_3d": [
        0.10179104655981064,
        0.7401078343391418,
        1.07295823097229
      ],
      "movement_distance_m": 0.11983519491348173,
      "action_needed": false,
      "vastu_rationale": "Same as trash can.",
      "vastu_score": 83.4,
      "vastu_score_label": "Good",
      "score_breakdown": {
        "zone_compliance": 50,
        "detection_confidence": 15.0,
        "movement_stability": 18.4
      }
    },
    {
      "object": "bed",
      "is_essential": false,
      "current_zone": "South",
      "recommended_zone": "South",
      "current_position_3d": [
        0.022423595190048218,
        0.577163815498352,
        1.080731987953186
      ],
      "recommended_position_3d": [
        -0.04747820273041725,
        0.4472487270832062,
        1.0834497213363647
      ],
      "movement_distance_m": 0.14755194890332965,
      "action_needed": false,
      "vastu_rationale": "South-West (Nairutya) is the stabilising Earth corner. Sleeping with head toward South/West aligns with Earth magnetism for deep, restorative sleep. Avoid North.",
      "vastu_score": 81.9,
      "vastu_score_label": "Good",
      "score_breakdown": {
        "zone_compliance": 50,
        "detection_confidence": 13.9,
        "movement_stability": 18.0
      }
    },
    {
      "object": "chair",
      "is_essential": false,
      "current_zone": "East",
      "recommended_zone": "East",
      "current_position_3d": [
        0.3619339168071747,
        0.03461116924881935,
        1.0961976051330566
      ],
      "recommended_position_3d": [
        0.50569748878479,
        0.3144446909427643,
        1.072585940361023
      ],
      "movement_distance_m": 0.3154873614024902,
      "action_needed": false,
      "vastu_rationale": "Work chairs face East or North. West is acceptable for reading.",
      "vastu_score": 75.3,
      "vastu_score_label": "Good",
      "score_breakdown": {
        "zone_compliance": 50,
        "detection_confidence": 9.5,
        "movement_stability": 15.8
      }
    },
    {
      "object": "tv",
      "is_essential": false,
      "current_zone": "Center",
      "recommended_zone": "South-East",
      "current_position_3d": [
        -0.1836780607700348,
        -0.1377585381269455,
        1.1065729856491089
      ],
      "recommended_position_3d": [
        0.37539759278297424,
        0.5857332944869995,
        1.072812795639038
      ],
      "movement_distance_m": 0.9149567031747048,
      "action_needed": true,
      "vastu_rationale": "TV faces East so viewers face West (auspicious).",
      "vastu_score": 66.7,
      "vastu_score_label": "Good",
      "score_breakdown": {
        "zone_compliance": 50,
        "detection_confidence": 8.9,
        "movement_stability": 7.8
      }
    },
    {
      "object": "suitcase",
      "is_essential": false,
      "current_zone": "Center",
      "recommended_zone": "West",
      "current_position_3d": [
        -0.09745730459690094,
        -0.07863932847976685,
        1.0978927612304688
      ],
      "recommended_position_3d": [
        -0.27572864294052124,
        0.06981747597455978,
        1.0975315570831299
      ],
      "movement_distance_m": 0.23199186048663814,
      "action_needed": true,
      "vastu_rationale": "Luggage in North-West activates travel energy.",
      "vastu_score": 73.7,
      "vastu_score_label": "Good",
      "score_breakdown": {
        "zone_compliance": 50,
        "detection_confidence": 6.8,
        "movement_stability": 16.9
      }
    },
    {
      "object": "book",
      "is_essential": false,
      "current_zone": "South",
      "recommended_zone": "North",
      "current_position_3d": [
        0.020395411178469658,
        0.848449170589447,
        1.0709322690963745
      ],
      "recommended_position_3d": [
        -0.05059215426445007,
        -0.9363296031951904,
        1.1038837432861328
      ],
      "movement_distance_m": 1.7864938582180978,
      "action_needed": true,
      "vastu_rationale": "Books represent knowledge \u2014 North-East/East.",
      "vastu_score": 56.6,
      "vastu_score_label": "Fair",
      "score_breakdown": {
        "zone_compliance": 50,
        "detection_confidence": 6.6,
        "movement_stability": 0.0
      }
    },
    {
      "object": "couch",
      "is_essential": false,
      "current_zone": "East",
      "recommended_zone": "North-East",
      "current_position_3d": [
        0.544672966003418,
        0.037092424929142,
        1.082037329673767
      ],
      "recommended_position_3d": [
        0.6386770606040955,
        -0.39542055130004883,
        1.1062211990356445
      ],
      "movement_distance_m": 0.44327091484287356,
      "action_needed": true,
      "vastu_rationale": "Same as sofa. Couches should remain in the energetically active Northern arc.",
      "vastu_score": 69.6,
      "vastu_score_label": "Good",
      "score_breakdown": {
        "zone_compliance": 50,
        "detection_confidence": 5.5,
        "movement_stability": 14.1
      }
    },
    {
      "object": "laptop",
      "is_essential": false,
      "current_zone": "South",
      "recommended_zone": "North",
      "current_position_3d": [
        0.09853186458349228,
        0.43107688426971436,
        1.0835695266723633
      ],
      "recommended_position_3d": [
        0.16489137709140778,
        -0.533354640007019,
        1.1049706935882568
      ],
      "movement_distance_m": 0.9669486852281218,
      "action_needed": true,
      "vastu_rationale": "Portable work device \u2014 follows desk rules.",
      "vastu_score": 68.8,
      "vastu_score_label": "Good",
      "score_breakdown": {
        "zone_compliance": 50,
        "detection_confidence": 11.7,
        "movement_stability": 7.1
      }
    },
    {
      "object": "backpack",
      "is_essential": false,
      "current_zone": "South",
      "recommended_zone": "West",