{
  "run_id": "83c906ef-532c-4928-88d7-12fac054d69b",
  "video_info": {
    "filename": "5b2a482f-f1c5-4764-96e2-c54734c9aa93_room.mp4",
    "path": "C:\\Users\\Lenovo\\Desktop\\colorful-room - Copy\\backend\\media\\temp_videos\\5b2a482f-f1c5-4764-96e2-c54734c9aa93_room.mp4",
    "room_type": "Bedroom",
    "width": 320,
    "height": 568,
    "fps": 29.980404964075767,
    "duration": 5.1033333333333335,
    "is_panoramic": false
  },
  "camera_params": {
    "fx": 277.1281292110204,
    "fy": 277.1281292110204,
    "cx": 160.0,
    "cy": 284.0,
    "width": 320,
    "height": 568,
    "fov": 60,
    "is_panoramic": false
  },
  "room_dimensions": {
    "width_m": 4.3113789558410645,
    "depth_m": 3.3164455890655518,
    "height_m": 2.5
  },
  "detected_objects": 12,
  "user_selected_furniture": [
    "desk",
    "dustbin"
  ],
  "initial_violations": 7,
  "optimized_violations": 0,
  "initial_compliance_pct": 41.7,
  "final_compliance_pct": 100.0,
  "improvement_pct": 100.0,
  "recommendations": [
    {
      "object": "desk",
      "is_essential": true,
      "current_zone": "East",
      "recommended_zone": "East",
      "current_position_3d": [
        0.47714072465896606,
        0.0,
        1.0838452577590942
      ],
      "recommended_position_3d": [
        0.40371716022491455,
        -0.37004873156547546,
        1.0949618816375732
      ],
      "movement_distance_m": 0.37742636748626107,
      "action_needed": false,
      "vastu_rationale": "East faces the rising Sun \u2014 ideal for study and work desks.",
      "vastu_score": 80.0,
      "vastu_score_label": "Good",
      "score_breakdown": {
        "zone_compliance": 50,
        "detection_confidence": 15.0,
        "movement_stability": 15.0
      }
    },
    {
      "object": "dustbin",
      "is_essential": true,
      "current_zone": "South",
      "recommended_zone": "South",
      "current_position_3d": [
        -0.06577803194522858,
        0.7251061201095581,
        1.0722908973693848
      ],
      "recommended_position_3d": [
        -0.02582939900457859,
        0.48301517963409424,
        1.0828427076339722
      ],
      "movement_distance_m": 0.2455916477284625,
      "action_needed": false,
      "vastu_rationale": "Same as trash can.",
      "vastu_score": 81.7,
      "vastu_score_label": "Good",
      "score_breakdown": {
        "zone_compliance": 50,
        "detection_confidence": 15.0,
        "movement_stability": 16.7
      }
    },
    {
      "object": "chair",
      "is_essential": false,
      "current_zone": "East",
      "recommended_zone": "East",
      "current_position_3d": [
        0.3619339168071747,
        0.03461116924881935,
        1.0961976051330566
      ],
      "recommended_position_3d": [
        0.2711028754711151,
        0.3541785478591919,
        1.0808690786361694
      ],
      "movement_distance_m": 0.3325786392218597,
      "action_needed": false,
      "vastu_rationale": "Work chairs face East or North. West is acceptable for reading.",
      "vastu_score": 75.1,
      "vastu_score_label": "Good",
      "score_breakdown": {
        "zone_compliance": 50,
        "detection_confidence": 9.5,
        "movement_stability": 15.6
      }
    },
    {
      "object": "bed",
      "is_essential": false,
      "current_zone": "South",
      "recommended_zone": "South-West",
      "current_position_3d": [
        0.022423595190048218,
        0.577163815498352,
        1.080731987953186
      ],
      "recommended_position_3d": [
        -0.3291040360927582,
        0.7814584970474243,
        1.071760892868042
      ],
      "movement_distance_m": 0.40667981633167416,
      "action_needed": true,
      "vastu_rationale": "South-West (Nairutya) is the stabilising Earth corner. Sleeping with head toward South/West aligns with Earth magnetism for deep, restorative sleep. Avoid North.",
      "vastu_score": 78.5,
      "vastu_score_label": "Good",
      "score_breakdown": {
        "zone_compliance": 50,
        "detection_confidence": 13.9,
        "movement_stability": 14.6
      }
    },
    {
      "object": "tv",
      "is_essential": false,
      "current_zone": "Center",
      "recommended_zone": "South-East",
      "current_position_3d": [
        -0.1836780607700348,
        -0.1377585381269455,
        1.1065729856491089
      ],
      "recommended_position_3d": [
        0.45438963174819946,
        0.6028714776039124,
        1.0719318389892578
      ],
      "movement_distance_m": 0.9781938506650633,
      "action_needed": true,
      "vastu_rationale": "TV faces East so viewers face West (auspicious).",
      "vastu_score": 65.9,
      "vastu_score_label": "Good",
      "score_breakdown": {
        "zone_compliance": 50,
        "detection_confidence": 8.9,
        "movement_stability": 7.0
      }
    },
    {
      "object": "suitcase",
      "is_essential": false,
      "current_zone": "Center",
      "recommended_zone": "West",
      "current_position_3d": [
        -0.09745730459690094,
        -0.07863932847976685,
        1.0978927612304688
      ],
      "recommended_position_3d": [
        -0.27225443720817566,
        -0.36320266127586365,
        1.1188316345214844
      ],
      "movement_distance_m": 0.334617340190019,
      "action_needed": true,
      "vastu_rationale": "Luggage in North-West activates travel energy.",
      "vastu_score": 72.3,
      "vastu_score_label": "Good",
      "score_breakdown": {
        "zone_compliance": 50,
        "detection_confidence": 6.8,
        "movement_stability": 15.5
      }
    },
    {
      "object": "book",
      "is_essential": false,
      "current_zone": "South",
      "recommended_zone": "East",
      "current_position_3d": [
        0.020395411178469658,
        0.848449170589447,
        1.0709322690963745
      ],
      "recommended_position_3d": [
        0.21052023768424988,
        -0.19119469821453094,
        1.1052663326263428
      ],
      "movement_distance_m": 1.0574429779018988,
      "action_needed": true,
      "vastu_rationale": "Books represent knowledge \u2014 North-East/East.",
      "vastu_score": 62.5,
      "vastu_score_label": "Fair",
      "score_breakdown": {
        "zone_compliance": 50,
        "detection_confidence": 6.6,
        "movement_stability": 5.9
      }
    },
    {
      "object": "couch",
      "is_essential": false,
      "current_zone": "East",
      "recommended_zone": "North",
      "current_position_3d": [
        0.544672966003418,
        0.037092424929142,
        1.082037329673767
      ],
      "recommended_position_3d": [
        0.12983478605747223,
        -1.0751218795776367,
        1.0931791067123413
      ],
      "movement_distance_m": 1.1871122583336167,
      "action_needed": true,
      "vastu_rationale": "Same as sofa. Couches should remain in the energetically active Northern arc.",
      "vastu_score": 59.7,
      "vastu_score_label": "Fair",
      "score_breakdown": {
        "zone_compliance": 50,
        "detection_confidence": 5.5,
        "movement_stability": 4.2
      }
    },
    {
      "object": "laptop",
      "is_essential": false,
      "current_zone": "South",
      "recommended_zone": "East",
      "current_position_3d": [
        0.09853186458349228,
        0.43107688426971436,
        1.0835695266723633
      ],
      "recommended_position_3d": [
        0.44790562987327576,
        0.053847502917051315,
        1.0837070941925049
      ],
      "movement_distance_m": 0.5141634496473823,
      "action_needed": true,
      "vastu_rationale": "Portable work device \u2014 follows desk rules.",
      "vastu_score": 74.8,
      "vastu_score_label": "Good",
      "score_breakdown": {
        "zone_compliance": 50,
        "detection_confidence": 11.7,
        "movement_stability": 13.1
      }
    },
    {
      "object": "backpack",
      "is_essential": false,
      "current_zone": "South",
      "recommended_zone": "West",