{
  "run_id": "3bed4a13-f2a2-4636-8522-f9727690611d",
  "video_info": {
    "filename": "f7272f5c-5350-4499-b81d-27600d184185_room 2.mp4",
    "path": "C:\\Users\\Lenovo\\Desktop\\colorful-room - Copy\\backend\\media\\temp_videos\\f7272f5c-5350-4499-b81d-27600d184185_room 2.mp4",
    "room_type": "Bedroom",
    "width": 320,
    "height": 568,
    "fps": 29.971181556195965,
    "duration": 5.205,
    "is_panoramic": false
  },
  "camera_params": {
    "fx": 277.1281292110204,
    "fy": 277.1281292110204,
    "cx": 160.0,
    "cy": 284.0,
    "width": 320,
    "height": 568,
    "fov": 60,
    "is_panoramic": false
  },
  "room_dimensions": {
    "width_m": 4.307061195373535,
    "depth_m": 3.313124179840088,
    "height_m": 2.5
  },
  "detected_objects": 5,
  "user_selected_furniture": [
    "desk",
    "tv"
  ],
  "initial_violations": 2,
  "optimized_violations": 0,
  "initial_compliance_pct": 60.0,
  "final_compliance_pct": 100.0,
  "improvement_pct": 100.0,
  "recommendations": [
    {
      "object": "desk",
      "is_essential": true,
      "current_zone": "East",
      "recommended_zone": "East",
      "current_position_3d": [
        0.5106430053710938,
        0.02196313999593258,
        1.521651029586792
      ],
      "recommended_position_3d": [
        0.5683828592300415,
        0.022142508998513222,
        1.5210566520690918
      ],
      "movement_distance_m": 0.05774319164650737,
      "action_needed": false,
      "vastu_rationale": "East faces the rising Sun \u2014 ideal for study and work desks.",
      "vastu_score": 84.2,
      "vastu_score_label": "Good",
      "score_breakdown": {
        "zone_compliance": 50,
        "detection_confidence": 15.0,
        "movement_stability": 19.2
      }
    },
    {
      "object": "tv",
      "is_essential": true,
      "current_zone": "East",
      "recommended_zone": "East",
      "current_position_3d": [
        0.6531122922897339,
        -0.07683674246072769,
        1.5209730863571167
      ],
      "recommended_position_3d": [
        0.4346123933792114,
        -0.40665963292121887,
        1.5221917629241943
      ],
      "movement_distance_m": 0.39563471797631317,
      "action_needed": false,
      "vastu_rationale": "TV faces East so viewers face West (auspicious).",
      "vastu_score": 79.7,
      "vastu_score_label": "Good",
      "score_breakdown": {
        "zone_compliance": 50,
        "detection_confidence": 15.0,
        "movement_stability": 14.7
      }
    },
    {
      "object": "bed",
      "is_essential": false,
      "current_zone": "South",
      "recommended_zone": "South",
      "current_position_3d": [
        -0.0035383885260671377,
        0.5734911561012268,
        1.508595585823059
      ],
      "recommended_position_3d": [
        0.014416152611374855,
        0.5434851050376892,
        1.50888991355896
      ],
      "movement_distance_m": 0.03496877573921974,
      "action_needed": false,
      "vastu_rationale": "South-West (Nairutya) is the stabilising Earth corner. Sleeping with head toward South/West aligns with Earth magnetism for deep, restorative sleep. Avoid North.",
      "vastu_score": 91.3,
      "vastu_score_label": "Excellent",
      "score_breakdown": {
        "zone_compliance": 50,
        "detection_confidence": 21.8,
        "movement_stability": 19.5
      }
    },
    {
      "object": "suitcase",
      "is_essential": false,
      "current_zone": "North",
      "recommended_zone": "North-West",
      "current_position_3d": [
        -0.09844431281089783,
        -0.9396207332611084,
        1.5241167545318604
      ],
      "recommended_position_3d": [
        -0.3349773585796356,
        -1.065298318862915,
        1.5674282312393188
      ],
      "movement_distance_m": 0.2713275166250485,
      "action_needed": true,
      "vastu_rationale": "Luggage in North-West activates travel energy.",
      "vastu_score": 88.5,
      "vastu_score_label": "Excellent",
      "score_breakdown": {
        "zone_compliance": 50,
        "detection_confidence": 22.1,
        "movement_stability": 16.4
      }
    },
    {
      "object": "book",
      "is_essential": false,
      "current_zone": "South",
      "recommended_zone": "North",
      "current_position_3d": [
        -0.1629352867603302,
        1.4005906581878662,
        1.507644534111023
      ],
      "recommended_position_3d": [
        -0.2944806218147278,
        -0.5405511856079102,
        1.5272430181503296
      ],
      "movement_distance_m": 1.9456926616210688,
      "action_needed": true,
      "vastu_rationale": "Books represent knowledge \u2014 North-East/East.",
      "vastu_score": 58.7,
      "vastu_score_label": "Fair",
      "score_breakdown": {
        "zone_compliance": 50,
        "detection_confidence": 8.7,
        "movement_stability": 0.0
      }
    }
  ],
  "ga_stats": {
    "generations": 100,
    "population_size": 50,
    "initial_fitness": 20.75553134638083,
    "final_fitness": 0.2193077588766715,
    "improvement": 20.53622358750416
  },
  "public_urls": {
    "html_report": "/media/vastu_results/3bed4a13-f2a2-4636-8522-f9727690611d/data/vastu_report.html",
    "current_3d_glb": "/media/vastu_results/3bed4a13-f2a2-4636-8522-f9727690611d/3d_models/current_layout.glb",
    "optimized_3d_glb": "/media/vastu_results/3bed4a13-f2a2-4636-8522-f9727690611d/3d_models/optimised_layout.glb",
    "compliance_radar": "/media/vastu_results/3bed4a13-f2a2-4636-8522-f9727690611d/visualizations/04_compliance_radar.png",
    "layout_comparison": "/media/vastu_results/3bed4a13-f2a2-4636-8522-f9727690611d/visualizations/06_layout_comparison_2d.png"
  }
}