{
  "run_id": "28a99299-4b1a-45aa-9120-cbd206843833",
  "video_info": {
    "filename": "room.mp4",
    "path": "C:\\Users\\Lenovo\\Downloads\\room.mp4",
    "room_type": "bedroom",
    "width": 320,
    "height": 568,
    "fps": 29.980404964075767,
    "duration": 5.1033333333333335,
    "is_panoramic": false
  },
  "camera_params": {
    "fx": 277.1281292110204,
    "fy": 277.1281292110204,
    "cx": 160.0,
    "cy": 284.0,
    "width": 320,
    "height": 568,
    "fov": 60,
    "is_panoramic": false
  },
  "room_dimensions": {
    "width_m": 4.35560417175293,
    "depth_m": 3.3504648208618164,
    "height_m": 2.5
  },
  "detected_objects": 2,
  "user_selected_furniture": [
    "bed",
    "wardrobe"
  ],
  "initial_violations": 1,
  "optimized_violations": 0,
  "initial_compliance_pct": 50.0,
  "final_compliance_pct": 100.0,
  "improvement_pct": 100.0,
  "recommendations": [
    {
      "object": "bed",
      "current_zone": "South",
      "recommended_zone": "South",
      "current_position_3d": [
        -0.012506856583058834,
        0.6453537940979004,
        1.1553339958190918
      ],
      "recommended_position_3d": [
        -0.0238132756203413,
        0.6594899296760559,
        1.1549186706542969
      ],
      "movement_distance_m": 0.018106295466580942,
      "action_needed": false,
      "vastu_rationale": "South-West (Nairutya) is the stabilising Earth corner. Sleeping with head toward South/West aligns with Earth magnetism for deep, restorative sleep. Avoid North - magnetic pull causes restlessness."
    },
    {
      "object": "laptop",
      "current_zone": "South",
      "recommended_zone": "East",
      "current_position_3d": [
        -0.03034631721675396,
        0.8510762453079224,
        1.1467933654785156
      ],
      "recommended_position_3d": [
        0.24793675541877747,
        0.3610966205596924,
        1.1540850400924683
      ],
      "movement_distance_m": 0.5635376382306372,
      "action_needed": true,
      "vastu_rationale": "Portable work device - follows desk rules. East for focus, North for professional success, North-East for creative output."
    }
  ],
  "ga_stats": {
    "generations": 100,
    "population_size": 50,
    "initial_fitness": 0.16333732090850023,
    "final_fitness": 0.061256721696770385,
    "improvement": 0.10208059921172985
  },
  "public_urls": {
    "html_report": "/media/vastu_results/28a99299-4b1a-45aa-9120-cbd206843833/data/vastu_report.html",
    "current_3d_glb": "/media/vastu_results/28a99299-4b1a-45aa-9120-cbd206843833/3d_models/current_layout.glb",
    "optimized_3d_glb": "/media/vastu_results/28a99299-4b1a-45aa-9120-cbd206843833/3d_models/optimised_layout.glb",
    "compliance_radar": "/media/vastu_results/28a99299-4b1a-45aa-9120-cbd206843833/visualizations/04_compliance_radar.png",
    "layout_comparison": "/media/vastu_results/28a99299-4b1a-45aa-9120-cbd206843833/visualizations/06_layout_comparison_2d.png"
  }
}